2781,3174,2999,3359,3129,2776,3136,3372,3009,3119,3031,2963,3242,2993,3240,3068,2723,2939,3079,3094,3012,3136,3121,3008,2994,3119,2967,3030,3006,3265,3086,2900,2862,3120,3008,3409,3204,3459,2943,3031,3442,2925,2904,3301,2937,3382,3105,3334,3316,2993,3079,3019,3229,2925,3246,2972,3197,2913,3298,2915,2980,2925,3172,3001,3012,3065,2977,3084,3299,3065,3022,2996,3251,3473,3233,2939,2765,2833,3224,3488,3094,2770,3008,3086,2981,3041,3023,3066,3329,3013,3155,3083,3146,2906,2886,2985,3352,3078,3191,3092,
3040,3258,2979,3594,3038,2849,3310,3464,3155,3197,3059,3103,3289,3192,3484,3374,2934,3003,3146,3305,3094,3518,3261,3093,3225,3029,3013,3148,3242,3556,3292,2991,2964,3147,3200,3457,3260,3567,3167,3289,3559,3047,2850,3298,3040,3347,3344,3513,3432,3338,3296,3071,3468,3089,3300,3199,3266,3094,3220,2993,3031,2943,3554,3215,3180,3344,2973,3100,3403,3148,3107,3015,3305,3607,3372,3093,2972,3056,3341,3609,3172,3054,3146,3367,3244,3231,3139,3290,3560,3206,3363,3082,3402,3099,3022,3324,3574,3086,3326,3150,
2798,3053,2879,3165,3006,2538,2979,3090,2864,3075,2961,2793,3163,2872,3132,2952,2889,2620,3107,2862,2965,2882,2872,2893,2934,2912,2828,2794,3065,3178,3189,2777,2594,2881,2806,3356,3061,3211,2875,2986,3176,2688,2658,3054,3048,3089,3032,3069,3172,2847,2833,2832,3247,2755,3002,3039,3016,2709,3046,2678,2862,2864,3052,2852,2823,2797,2688,2937,3104,2833,2914,2909,3035,3207,3246,2802,2641,2605,3083,3299,2878,2818,2804,2821,2988,2815,2871,2844,3209,2893,2932,2769,3136,2828,2931,3013,3287,2908,2924,2775,
2587,3133,3077,3299,2895,2425,2917,3016,2965,2942,2778,2752,2921,2892,3058,3059,2743,2665,2863,2861,2957,3021,2824,2948,3016,2949,2911,2638,2890,3249,3037,2649,2783,2697,2809,3188,2999,3170,2926,2787,3139,2796,2688,3028,2783,3123,3014,3097,3327,2996,2977,2857,3121,2775,2909,3008,3015,2776,3119,2685,2903,2932,3098,2894,2750,2884,2637,2917,3077,2862,2867,2872,3095,3188,3154,2912,2768,2615,3185,3094,2966,2700,2683,3009,2770,2928,3036,2698,3180,2813,2989,3063,2992,2818,2695,2898,3149,2793,2934,2865,
2948,3625,3213,3524,3301,2836,3417,3652,3383,3216,3332,3255,3354,3393,3500,3360,3053,3021,3324,3321,3282,3362,3243,3322,3573,3440,3097,3245,3220,3829,3343,3076,3131,3074,3457,3564,3392,3493,3418,3269,3593,3362,2991,3195,3077,3460,3478,3548,3623,3330,3303,3070,3592,3262,3574,3301,3405,3104,3511,3247,3296,3137,3551,3152,3209,3219,3069,3225,3515,3365,3353,3184,3558,3609,3497,3088,3112,3132,3609,3501,3278,3141,3168,3209,3452,3423,3457,3237,3508,3122,3527,3304,3520,3288,3180,3249,3784,3231,3431,3198,
2801,3504,3086,3453,2981,2905,3147,3294,3285,3293,2978,3084,3358,3316,3329,3412,2964,2922,3127,3204,3172,3423,3223,3184,3274,3082,3126,3096,3139,3373,3178,2921,2896,2969,3084,3429,3271,3654,3130,3097,3444,3047,2983,3312,3025,3445,3209,3160,3401,3163,3129,3129,3243,2852,3152,3149,3055,2975,3082,3028,3157,2916,3341,2961,3030,3122,2919,3154,3253,3133,3005,3022,3361,3568,3380,3164,2925,2871,3377,3437,3245,2855,3085,3197,3107,3328,3204,3128,3135,3177,3282,3149,3252,3044,2796,3063,3480,3136,3263,3058,
2688,3146,2819,3048,3035,2525,3020,3057,2837,2777,2898,2710,2965,2837,3052,2940,2725,2571,2864,2839,2849,2937,2891,2884,3096,2918,2793,2949,2764,3094,2990,2635,2628,2800,2817,3136,3172,3055,2782,3030,3093,2932,2645,2892,2787,3110,2883,3091,3264,3048,2923,2637,3115,2863,2801,2721,2891,2603,3088,2780,2833,2751,2961,2904,2775,2842,2865,2820,2995,2739,2798,2805,3236,3092,2973,2784,2615,2759,3099,3134,2826,2748,2861,2898,3033,3114,2886,2802,3098,2818,2970,2914,2890,2956,2709,2871,3229,2800,3050,2807,
2564,2826,2741,3030,2796,2394,2760,3073,2745,2909,2725,2578,3066,2772,2967,3049,2519,2699,2688,2708,2629,2977,2657,2705,2849,2678,2733,2685,2920,3088,2865,2538,2595,2840,2604,3173,2877,3049,2711,2720,2852,2787,2637,2674,2655,2975,2779,2855,3090,2779,2832,2669,3005,2459,2948,2920,2740,2634,3076,2573,2601,2619,2857,2662,2667,2731,2512,2776,3036,2732,2823,2594,3001,2999,3001,2650,2660,2530,2735,3145,2758,2673,2809,2752,2889,2759,2817,2774,3131,2597,2894,2720,2678,2709,2667,2858,2885,2675,2956,2734,
2846,3238,2886,3401,3028,2655,3040,3358,2983,3214,3092,2994,3157,2970,3195,3218,2944,2797,3244,2926,2977,3168,2957,3055,3228,2919,2960,3114,3088,3416,3029,2798,2869,2852,2966,3282,3072,3207,3003,3107,3173,3112,2800,2958,3015,3131,3057,3071,3261,2968,2988,2716,3132,2893,3134,3086,3028,2875,3210,3039,2987,2810,3221,2771,3040,3019,2762,3090,3333,3056,3178,2882,3077,3281,3293,2887,2931,2933,3285,3455,2932,2906,2964,3079,3150,3005,3037,3054,3345,2999,3144,2895,3138,3101,2882,3255,3432,2989,3161,3015,
2842,3186,3066,3253,2965,2684,3026,3283,2951,3019,3105,2796,3122,3005,3265,3028,2777,2683,3014,2935,2978,3006,3042,3026,3145,3071,2872,2940,2867,3412,3323,2796,2892,3078,2792,3136,3213,3342,3005,3065,3160,2841,2883,3117,2924,3201,3036,3202,3267,3086,3102,2912,3387,3128,3095,2993,3113,2755,3216,3029,3014,2976,3029,2903,2817,3101,2932,2937,3248,2979,2959,3039,3205,3319,3226,2860,2664,2893,3245,3334,3154,2930,2948,3025,3022,3109,3015,2980,3160,2928,3110,3096,3191,2895,2895,3107,3450,2913,2914,2913,
2628,3144,2992,3277,3041,2565,2885,3145,2879,2973,2918,2829,3137,2873,3175,3230,2688,2685,2922,2704,2973,3058,2847,2917,3019,2800,2723,2954,2786,3011,3039,2786,2704,2785,2839,3204,3085,3239,2836,2813,3162,2937,2649,2931,2882,3176,3155,2974,3337,3022,3002,2767,3144,2617,2841,2825,2888,2779,3238,2695,2738,2629,3013,2929,2858,2725,2862,3058,3081,2886,2982,2756,3102,3145,3042,2630,2844,2591,3036,3250,2879,2738,2822,2942,2976,3016,2954,2712,3187,2884,3027,2799,2945,2840,2622,3014,3249,2864,3050,2846,
2657,2784,2866,2928,2895,2286,2914,3053,2893,2744,2925,2638,2743,2863,3026,2940,2693,2642,2896,2897,2905,2791,2822,2842,3070,2988,2831,2704,2815,3189,2937,2828,2637,2608,2817,3076,2701,3194,2786,2837,3170,2651,2536,3010,2730,3005,2875,2927,3023,2750,2923,2749,2968,2619,2928,2818,2883,2665,2903,2553,2755,2841,3079,2739,2604,2746,2630,2736,2943,2865,2706,2833,2901,3151,2834,2742,2571,2620,2989,3292,2901,2715,2807,2893,2879,2963,2759,2890,2957,2828,2958,2787,2831,2806,2561,2969,3051,2752,2963,2765,
2775,3002,2925,3375,2987,2752,3315,3349,2973,3155,3095,2862,3334,2983,3408,3228,2987,2883,3053,2977,3168,3205,2917,3276,3117,3105,2862,2876,3088,3292,3214,2944,2871,2962,3081,3346,3135,3434,3021,3120,3315,2956,2836,3224,2974,3241,3164,3274,3184,3069,3163,3082,3352,2888,3045,3074,3147,2897,3313,3039,2871,3008,3153,2999,2989,3003,2845,3090,3403,2946,3197,2877,3276,3351,3474,2933,2949,2826,3286,3453,3067,3005,2926,3172,3076,2969,3099,2948,3374,3089,3218,3018,3252,2915,3043,3284,3458,2975,3185,3145,
2876,3188,2997,3318,2976,2621,3038,3228,2983,3016,3051,2883,3120,3098,3348,3206,2907,2870,3034,3008,2970,3180,2772,3067,3177,3067,2988,2904,3026,3282,3120,2894,2813,2722,3154,3353,3133,3216,3010,2985,3279,2959,2724,3051,2994,3235,3227,3101,3342,3006,3061,2912,3228,2967,3085,3108,2982,2846,3068,2915,2796,2890,3206,2816,2953,2913,2737,3088,3143,3001,2824,3010,3184,3244,3240,2793,2873,2885,3113,3362,2952,2797,2869,2998,2966,2923,2954,3128,3092,3014,3209,2977,3153,2977,2750,3068,3332,2917,3180,2942,
2839,3182,2894,3038,2901,2752,3163,3148,2960,2899,2946,2844,3054,3042,3212,3197,2811,2813,3052,3043,2990,3022,3016,3032,3161,2972,2978,3004,3005,3193,3002,2796,2719,3047,2978,3325,3198,3430,3087,2982,3274,2876,2904,3022,2971,3255,3042,3091,3314,2917,2977,2762,3229,2827,3069,2884,2922,2799,3242,2903,2876,2861,2981,2829,2909,3030,2886,3016,3236,3055,3065,2996,3095,3194,3223,2921,2654,2763,3134,3403,3071,2788,2819,2920,3114,3127,2973,2754,3190,2898,3102,2904,2963,2980,2639,3133,3256,2821,3125,2876,
2923,3481,3199,3278,3144,2777,3240,3258,3153,3213,3079,3045,3305,3191,3402,3381,3041,2939,3256,3029,3279,3251,3196,3156,3386,3142,3040,3241,3042,3488,3271,2979,2926,3176,3136,3342,3301,3429,3235,3246,3282,3141,3019,3065,3032,3474,3292,3225,3451,3366,3167,2943,3470,3084,3395,3072,3275,3077,3357,3144,3084,3062,3259,2999,3036,3070,3030,3168,3401,3084,3196,2966,3426,3411,3396,3073,2988,2947,3324,3435,3095,3138,3200,3015,3170,3208,3084,3068,3260,3168,3387,3183,3258,3207,2911,3221,3495,2881,3247,3011,
2464,2913,2816,2820,2775,2441,2682,2960,2706,2551,2849,2643,2727,2681,2778,2822,2659,2537,2638,2710,2717,2697,2668,2659,3004,2773,2631,2683,2749,2811,2772,2580,2495,2645,2695,2868,2795,2997,2669,2581,2956,2616,2506,2551,2655,2850,2724,2703,2983,2673,2577,2637,2866,2624,2810,2642,2540,2535,2954,2612,2678,2524,2705,2707,2650,2641,2690,2737,2905,2665,2739,2668,2880,2878,2734,2479,2488,2515,2796,2961,2870,2586,2669,2739,2718,2850,2641,2683,2854,2673,2751,2665,2680,2703,2505,2864,3038,2669,2801,2625,
2725,3104,2903,3346,2953,2666,3106,3225,2954,2982,3009,2844,2963,3146,3172,3082,2696,2622,3010,2934,2870,2925,3056,2981,3100,2910,2794,2813,2919,3175,2984,2753,2852,2847,2896,3091,3136,3250,2867,2906,3033,2812,2826,2979,2825,3079,3110,3119,3155,2961,3058,2633,3230,3062,2945,2916,3118,2844,3062,2859,2696,2894,3079,2865,2762,2794,2878,2918,3144,3001,2873,2961,3086,3356,3197,2816,2632,2901,3028,3176,2935,2911,2774,2917,2959,2934,3038,2976,3065,3027,3151,3016,3012,2830,2705,2935,3351,2849,3025,2893,
2483,3091,2925,3034,2700,2485,2839,2964,2951,2899,2942,2666,2863,2848,3180,2913,2876,2701,2892,2852,2800,2817,2806,2748,3018,2864,2751,2486,2804,3260,3018,2755,2666,2700,2779,3075,2950,3065,2780,2700,2965,2631,2657,2962,2749,3016,2937,2883,3094,2972,2857,2795,3170,2671,2927,2869,2922,2667,2927,2673,2730,2837,2982,2773,2743,2771,2640,2895,3096,2753,2650,2906,2966,2963,3160,2711,2688,2587,2950,3149,2885,2884,2710,2788,2797,2712,2781,2686,2891,2875,2915,2897,2952,2876,2621,2927,3115,2685,2804,2749,
2661,3246,2940,3233,2867,2645,2907,3186,2827,2960,3108,2865,3091,3026,3105,3048,2726,2764,2968,2755,2851,3037,3024,2977,3095,2846,2821,2767,2771,3165,2938,2740,2726,2828,2908,3189,3050,3422,2938,2956,3125,2772,2768,2969,2851,3216,2907,3161,3207,2893,2937,2763,3200,2901,2996,2934,2873,2702,3029,2948,2775,2705,2947,2965,2706,3052,2820,3010,3124,2873,2876,2709,3208,3150,3182,2896,2709,2690,3004,3313,2941,2758,2837,3110,2862,2877,2907,2786,3245,2940,3050,2945,3028,2782,2762,3177,3194,2927,2816,2919,
2801,3300,3136,3333,3028,2704,2979,3296,3104,3064,3177,2857,3302,3137,3432,3335,3073,3021,3003,2879,3062,3231,2928,3117,3306,3335,2843,3102,3195,3384,3194,2916,2886,3030,3023,3277,3190,3504,3058,2963,3515,2927,2954,3121,3068,3347,3225,3151,3370,3208,3069,2918,3323,3007,3141,2958,3156,2824,3284,2973,2995,2927,3137,2978,3019,2945,2837,3152,3437,3119,3122,2889,3306,3402,3340,2827,2981,2934,3452,3357,3252,2799,3113,3003,3101,3055,3050,3053,3334,3123,3263,3136,3213,2974,2830,3368,3510,3151,3120,3013,
2637,3139,2945,3120,3038,2660,3156,3281,3011,2984,3035,2937,3213,3073,3140,3280,2854,2836,3081,2982,3048,3194,2872,3103,3025,2975,2914,2986,3187,3260,3063,2911,2829,2881,2976,3385,3157,3312,2912,2896,3324,2859,2865,3120,2990,3113,3078,3117,3276,3062,3213,3014,3233,2802,3138,2990,3104,2896,3109,2930,3019,2902,3104,2767,3002,2862,2856,3172,3227,2961,3055,2869,3135,3296,3354,2901,2841,2943,3135,3452,3113,2881,2968,2963,3179,2928,2966,3017,3213,2950,3057,3068,2973,2956,2767,3208,3440,2982,3060,3054,
2738,3032,2835,2987,3000,2562,3000,3198,2919,2930,2916,2717,3000,2970,2903,3010,2693,2658,2933,3010,2851,2967,2990,3000,3086,2953,2677,2828,2999,3271,2689,2684,2543,2660,2927,3061,2884,3145,2769,2740,3067,2624,2607,2898,2711,3025,2984,3037,3092,2776,2838,2735,3006,2800,2887,2959,2979,2683,3074,2636,2886,2712,2986,2697,2782,2792,2677,2984,2981,2995,2853,2816,2839,3120,3088,2742,2540,2716,3145,3242,2845,2593,2694,2932,2956,2853,2941,2934,2918,2841,2999,2805,2877,2724,2764,2938,3337,2854,2904,2803,
2967,3234,3012,3449,3046,2742,3074,3206,2996,3027,2984,2773,3123,3018,3439,3206,2896,2896,3079,3094,2911,3130,3048,3055,3124,2956,2889,2974,3173,3403,3298,2996,2932,3094,3005,3241,3164,3329,3115,3028,3293,2969,2844,3264,2955,3281,3049,3230,3410,3078,3284,2774,3257,3022,3140,3028,3252,2755,3310,3032,2845,2744,3186,3037,3036,3075,2827,3059,3318,3039,3052,3054,3184,3336,3339,2946,2946,2906,3223,3300,3125,2867,2972,2951,3083,3167,3199,2946,3400,2976,3323,3006,3075,2921,2872,3094,3353,3010,3088,2927,
2738,3260,3090,3228,3076,2605,3196,3307,2951,2899,3088,2991,3154,3125,3197,3000,2898,2702,3032,2953,3007,3200,3011,3060,3210,3067,2900,2949,2943,3278,3219,2902,2879,2856,2876,3462,3266,3250,3108,2996,3467,2903,2750,3057,2965,3269,3006,3035,3306,2945,3053,3118,3274,2892,3021,3159,3107,2784,3046,2973,2895,2880,3074,2822,2992,3008,2963,3083,3219,2873,2866,3062,3146,3355,3208,3049,2557,2968,3170,3471,3004,3000,3046,3063,3160,3044,2993,3032,3157,3002,3086,3124,2997,3052,2878,3114,3489,3028,3106,3007,
2689,3205,2984,3327,2875,2865,3213,3246,3050,3135,2939,2816,3229,3135,3424,3323,2792,3036,3133,3115,3062,3127,3102,3267,3089,3192,3034,3140,3015,3227,3200,2982,2938,2986,2990,3288,3313,3384,3017,3096,3400,2829,2827,3192,2863,3280,3131,3321,3402,2977,3113,2929,3392,3050,3151,2957,3142,2727,3130,2974,2896,2994,3207,2982,3000,3038,2857,3081,3322,3008,3117,2985,3289,3375,3311,3074,2927,2964,3357,3509,3040,2752,2951,3155,2922,3033,3060,3153,3270,3020,3286,3170,3278,2932,2770,3174,3318,2977,3133,2944,
3152,3692,3480,3625,3450,3008,3429,3688,3276,3378,3346,3294,3516,3468,3672,3707,3134,2886,3392,3427,3483,3611,3270,3597,3601,3682,3280,3247,3339,3649,3469,3301,3219,3271,3308,3797,3628,3759,3277,3260,3829,3274,2994,3389,3269,3685,3622,3547,3749,3246,3454,3343,3662,3455,3548,3546,3518,3152,3542,3261,3303,3358,3455,3353,3191,3377,3258,3343,3536,3363,3327,3504,3490,3719,3626,3335,3133,3244,3554,3802,3370,3122,3354,3438,3475,3560,3453,3297,3789,3421,3595,3400,3478,3293,3206,3631,3832,3194,3626,3246,
2944,3134,3285,3207,3033,2736,3145,3438,3097,3081,3122,3010,3338,3049,3369,3229,2830,3014,3129,3114,3101,3344,3179,3248,3315,3214,2861,3012,3147,3530,3287,3029,2948,2900,2934,3385,3303,3388,3105,2969,3514,2815,2781,3278,2981,3309,3294,3237,3387,3104,3132,3072,3370,2825,3199,3075,3244,2889,3402,2913,3077,3011,3272,2965,3153,3058,2966,3108,3394,3058,3084,2982,3331,3478,3326,3056,2850,3048,3230,3632,3248,2896,2992,3382,3100,3168,3172,3064,3269,3036,3336,3002,3214,3140,2933,3322,3539,3074,3222,3171,
2618,3011,2835,3197,2823,2592,2847,3007,2851,2908,2882,2749,3036,2888,3103,2922,2778,2643,2930,2780,2722,3080,2836,2911,2868,2939,2751,2850,2915,3067,2958,2784,2597,2655,2726,3100,3038,3206,2937,3006,3086,2666,2586,2979,2864,3120,2882,3082,3128,2834,2925,2821,3179,2798,2947,2890,2891,2515,2988,2664,2883,2714,2937,2798,2714,2902,2657,2863,3102,2798,2840,2811,3199,3200,3108,2779,2648,2722,3147,3145,2904,2728,2870,2948,2927,2853,2912,2933,3107,2965,3059,2926,2979,2824,2702,2936,3285,2855,2985,2902,
2826,3297,3083,3420,3204,2742,3104,3367,2943,3117,2970,2871,3226,3128,3315,3361,2751,2939,3138,2928,3139,3260,3121,3069,3180,3093,2909,3048,3013,3419,2964,2760,2837,2895,3008,3286,3099,3298,2970,3051,3400,2973,2833,3151,2899,3428,3198,3287,3389,3026,3164,2912,3238,2897,3012,3184,3143,2799,3190,2825,2963,2862,3206,3041,2957,2835,2903,3187,3222,2949,2891,2947,2998,3410,3313,3009,2945,2778,3197,3421,2918,2804,3050,3183,3033,3070,3053,2860,3287,3089,3204,3155,3167,3058,2731,3222,3176,3029,3188,2783,
2594,2727,2616,2868,2772,2450,2823,2833,2658,2774,2676,2457,2834,2774,2890,2825,2507,2300,2800,2695,2627,2783,2582,2712,2853,2745,2605,2481,2534,2961,2748,2690,2593,2646,2753,2961,2881,2961,2602,2646,2943,2591,2505,2754,2647,3037,2761,2903,3140,2820,2789,2469,2904,2624,2886,2564,2615,2505,2868,2703,2620,2546,2811,2683,2561,2640,2404,2667,2839,2733,2670,2500,2722,2894,2832,2651,2392,2457,2736,2898,2659,2549,2627,2625,2859,2838,2934,2578,3034,2619,2988,2832,2862,2619,2594,2742,2926,2726,2686,2513,
3253,3819,3474,3707,3549,3086,3617,3689,3627,3578,3501,3390,3669,3581,3723,3695,3374,3120,3393,3536,3467,3666,3507,3572,3715,3428,3347,3477,3518,4005,3484,3398,3194,3202,3622,3706,3558,3856,3458,3439,3710,3466,3241,3678,3378,3685,3486,3835,3698,3647,3672,3365,3811,3331,3656,3480,3635,3130,3822,3414,3398,3384,3591,3372,3439,3344,3152,3566,3485,3481,3467,3310,3853,3834,3875,3421,3169,3267,3762,3898,3627,3346,3394,3661,3481,3594,3563,3442,3583,3580,3765,3427,3604,3475,3282,3636,4069,3485,3544,3500,
2647,3117,2971,3126,2946,2555,2945,3217,2831,3121,2934,2789,3161,2899,3199,3089,2782,2691,2950,2915,2969,3055,2989,2802,3020,2928,2853,2813,2822,3187,2901,2678,2686,2898,2769,3193,3074,3290,2736,2899,3078,2823,2636,2965,2800,3095,3078,2992,3135,3039,2877,2732,3252,2920,3084,2892,3118,2892,3186,2846,2815,2814,2942,2973,2838,3026,2790,2945,3250,2927,2979,2788,3146,3201,3194,2684,2709,2616,3112,3271,2905,2662,2879,3102,2885,3044,2811,2995,3174,2983,2994,2809,3064,3049,2800,3023,3174,2805,2904,2898,
2976,3562,3246,3614,3385,3095,3462,3631,3336,3249,3295,3219,3486,3390,3630,3564,3254,3237,3246,3425,3365,3541,3326,3436,3434,3433,3219,3395,3476,3751,3416,3223,3053,3218,3455,3653,3526,3690,3267,3229,3695,3357,3228,3406,3030,3616,3552,3650,3722,3329,3435,3282,3659,3188,3507,3114,3483,3070,3657,3249,3296,3206,3471,3375,3074,3219,3244,3443,3660,3211,3413,3340,3538,3555,3504,3373,3232,3118,3607,3660,3263,3238,3391,3475,3324,3404,3471,3364,3600,3361,3532,3406,3342,3253,3206,3454,3790,3354,3520,3428,
2775,3117,2889,3428,2985,2855,3158,3205,2969,3132,2988,2800,3173,3045,3332,3032,2975,2875,2971,3022,2947,3088,3081,3203,3157,3074,2955,3052,2959,3310,3120,3002,2734,2788,2988,3294,2999,3449,2931,3012,3191,2990,2807,3153,2845,3337,3001,3069,3244,3075,3012,2871,3347,2942,3091,3015,3015,2855,3249,2864,3001,2910,3017,3023,2888,3035,2785,3078,3301,2918,3106,2919,3353,3391,3085,3036,2785,2783,3283,3352,3173,3027,2831,2974,3170,3164,3066,3038,3130,3048,3121,3213,3019,2930,2862,3101,3471,3068,3090,2871,
2765,3252,3146,3137,3047,2712,2858,3174,3024,2952,3135,2717,3190,2913,3300,3226,2936,2977,3047,2929,2921,2989,3004,2950,3134,3124,2801,2932,3014,3328,3129,2830,2916,2860,2875,3152,3193,3266,2920,2828,3226,2920,2839,3021,2991,3255,3074,2994,3215,2943,2906,2935,3142,2964,3104,2998,3057,2732,3145,2936,2977,2841,3218,2868,2796,2792,2876,2972,3332,2851,2978,2924,3174,3166,3248,2786,2877,2829,3078,3169,3006,2860,3028,2926,3014,3048,3060,2951,3230,3027,3048,3094,3001,2843,2779,3113,3423,2989,3112,2957,
2489,2883,2656,3005,2707,2506,2687,2988,2709,2809,2707,2446,2591,2647,2915,2748,2541,2603,2701,2757,2680,2865,2619,2691,2804,2741,2671,2616,2722,2858,2786,2591,2619,2743,2652,2969,2727,2929,2715,2889,2899,2625,2629,2788,2584,2921,2672,2876,3011,2733,2779,2669,2910,2760,2725,2770,2908,2493,2865,2570,2709,2723,2806,2544,2644,2697,2524,2440,2810,2725,2677,2646,2847,3018,2930,2642,2500,2530,2885,2994,2682,2472,2637,2837,2781,2762,2725,2792,2888,2626,2705,2809,2833,2626,2584,2646,2981,2473,2902,2676,
2878,3335,3084,3395,3080,2881,3382,3395,3029,3233,3134,2862,3239,3162,3325,3315,2932,2970,3167,3167,3158,3211,3194,3189,3255,3210,3043,3140,3145,3355,3213,2950,2804,3179,3084,3419,3329,3568,2919,3216,3512,3005,2913,3250,2975,3330,3261,3285,3339,3130,3046,3037,3407,3037,3191,3150,3178,2914,3420,2932,3168,3065,3271,2936,3184,3216,3195,3144,3448,3117,3112,2979,3322,3432,3253,2992,2749,3013,3451,3521,3148,2956,3127,3219,3209,3189,3017,3273,3463,3239,3202,3115,3288,3163,2987,3117,3576,3158,3396,3164,
2507,3160,2915,3191,2904,2359,2982,3100,2793,2782,2885,2802,2915,2733,3006,2944,2853,2599,2811,2926,2903,2818,2708,2813,2936,2865,2901,2911,3015,3190,2960,2666,2669,2764,2819,3199,3161,2878,2893,2866,3041,2871,2655,2856,2823,3025,2941,2993,3229,2772,2871,2756,3029,2686,3083,2838,2901,2593,2867,2858,2858,2702,2961,2697,2751,2848,2580,2807,3001,2851,2763,2909,2960,2962,3089,2793,2721,2669,3074,3083,2707,2816,2805,2871,2832,2808,2913,2853,3047,2734,2913,2942,2883,2789,2795,2936,3114,2927,2869,2883,
2754,3272,2894,3370,2975,2668,3019,3219,2992,2961,2817,2769,2940,3108,3155,3243,2849,2684,3011,2944,2972,3037,2960,3037,3062,2883,2910,2965,2867,3172,2876,2829,2719,2762,3062,3140,3001,3351,2887,3041,3124,2902,2737,3086,2865,3179,3068,3094,3324,2941,3147,2824,3192,2846,3084,3027,2990,2737,3066,2785,2903,2804,3027,2741,2784,2991,2765,3070,3098,2992,2905,2873,3087,3085,3105,2804,2814,2799,3211,3174,3005,2644,2882,3012,3008,3028,3008,2858,3041,3048,3176,3086,3057,2718,2706,2992,3257,2957,2927,2843,
2817,3205,2843,3187,2966,2615,3138,3060,2983,3117,3049,2849,3029,2954,3243,3129,2920,2943,2973,3114,2916,3016,3045,3047,3129,3110,2923,2967,2953,3325,3168,2861,2788,2880,2989,3290,3073,3238,3081,3087,3166,2931,2848,2992,2929,3305,2785,3133,3311,3028,3062,2878,3277,3025,2988,3009,3094,2700,3335,2971,2815,2810,3081,2952,2884,3009,2791,3095,3216,2800,2951,2842,3190,3152,3200,2932,2752,2829,3241,3369,2836,2939,2887,3020,3033,3088,3009,2877,3289,3034,3162,3024,3133,2879,2901,3060,3423,3162,3111,3026,
2806,3214,3070,3247,3018,2560,2999,3293,2864,3059,3076,3057,3120,2907,3178,3153,2782,2831,3127,2862,3031,3180,2897,3000,3189,3222,2836,3001,2908,3275,3223,2889,2766,2807,2966,3228,3037,3244,2992,2932,3332,2868,2638,3085,2929,3167,3062,3093,3265,2953,2950,2911,3085,2877,3125,3072,3056,2843,2965,2998,2945,3087,3228,2981,2898,3052,2846,3023,3298,2983,2929,3010,3033,3404,3042,2776,2742,2790,3111,3465,3036,3041,2871,3095,3055,3111,2954,2989,3292,3024,3199,2959,3158,3044,2838,3113,3292,3047,3147,2962,
3000,3364,3304,3652,3233,2991,3375,3421,3269,3433,3246,3036,3446,3345,3532,3515,3117,3186,3251,3274,3292,3428,3254,3342,3476,3576,3142,3329,3136,3691,3543,3078,3156,3160,3232,3600,3335,3613,3333,3315,3455,3411,3123,3297,3296,3591,3388,3396,3652,3317,3332,3108,3573,3101,3199,3327,3456,2980,3362,3096,3203,3429,3475,3213,3138,3272,2996,3243,3368,3292,3196,3154,3365,3570,3488,3214,3121,3197,3615,3606,3342,3164,3078,3368,3351,3258,3396,3314,3494,3169,3405,3407,3428,3049,3028,3389,3617,3061,3386,3110,
2815,3376,3113,3379,3133,2704,3181,3399,3042,3215,3164,3060,3332,3072,3460,3311,3011,2900,3184,3004,3076,3271,3298,3158,3142,3092,2984,3081,2998,3542,3345,2905,2901,3226,3012,3549,3294,3294,3095,3153,3333,3118,2968,3303,3068,3402,3182,3370,3440,3242,3195,3000,3438,3035,3117,3157,3241,2954,3461,3069,3025,3151,3285,3101,3144,3156,2954,3134,3467,2941,3181,3060,3410,3454,3360,3176,2783,2894,3330,3509,3041,3184,3116,3127,3342,3259,3168,3176,3263,3216,3212,3268,3232,3034,2846,3129,3449,2976,3375,3071,
3114,3527,3143,3613,3285,2814,3292,3490,3340,3206,3294,3096,3336,3422,3543,3527,3236,3017,3348,3477,3286,3396,3388,3295,3575,3298,3267,3240,3195,3751,3430,3179,3165,3294,3251,3717,3283,3760,3280,3315,3744,3209,3090,3302,3103,3544,3484,3478,3741,3321,3408,3163,3705,3236,3586,3222,3298,3049,3574,3178,3298,3055,3474,3285,3152,3328,3018,3244,3532,3263,3322,3185,3435,3472,3437,3257,3105,3086,3596,3755,3367,3170,3275,3447,3395,3524,3432,3300,3628,3207,3582,3368,3433,3265,3063,3567,3667,3188,3410,3129,
2760,3030,2864,3065,2845,2659,3012,3185,2877,2968,2995,2915,2969,2965,3178,3093,2888,2740,3000,2934,2991,2977,2949,2899,3106,3081,2745,2890,2877,3227,3009,2686,2734,2834,2994,2998,3094,3224,2759,2897,3280,2965,2693,2970,2706,3040,2942,3089,3146,2704,2796,2660,3194,2795,3186,2839,3003,2740,2930,2837,2894,2873,3214,2923,2976,3009,2840,2893,3133,2899,2958,2805,3006,3240,3025,2834,2652,2573,3052,3187,3019,2920,2941,3057,2947,2970,2884,2881,3242,2847,3165,2867,3180,2880,2841,3139,3204,2870,3096,2804,
3101,3496,3255,3447,3261,2946,3473,3509,3383,3438,3290,3114,3310,3220,3500,3414,3171,3080,3257,3411,3279,3302,3488,3202,3542,3428,3031,3195,3372,3659,3360,3124,3096,3211,3134,3561,3491,3499,3307,3293,3530,3201,3140,3308,3115,3501,3386,3403,3483,3398,3470,3271,3530,3276,3289,3163,3498,3056,3595,3199,3111,3283,3475,3088,3122,3162,3126,3233,3499,3165,3318,3305,3476,3562,3431,3296,3093,3221,3551,3681,3297,3202,3280,3150,3313,3526,3290,3385,3259,3372,3493,3353,3266,3282,3170,3350,3783,3258,3439,3275,
2678,3304,2908,3335,2917,2639,3184,3372,3100,2993,2917,3144,3299,3149,3282,3229,2890,2769,3164,3132,3173,3003,3062,3106,3168,2889,2839,2909,2943,3427,3044,2819,2926,2909,3089,3322,3101,3407,2956,2984,3304,2920,2895,3214,2900,3134,3208,3113,3268,2963,3043,2937,3266,2968,3133,3033,3213,2803,3225,2910,2832,2856,3134,2967,2834,2831,2840,3010,3236,2969,2904,2893,3175,3271,3295,3045,2888,2766,3165,3247,3102,2884,2943,3157,2928,2919,2991,2806,3177,3011,3155,2975,3159,2861,2918,3112,3391,2870,3046,2932,
2759,3238,2900,3176,2999,2715,2978,3181,3069,2963,3009,3044,3089,3086,3172,3104,2727,2712,3212,2955,3048,2975,2976,2888,3083,2971,2890,2881,2937,3255,3036,2906,2839,2910,3036,3291,3122,3420,3104,3114,3308,2886,2774,2985,2978,3291,2977,3169,3174,3036,3089,2967,3265,2783,3169,2954,3113,2809,2926,2850,2943,2867,3199,2865,2842,2758,2812,2938,3238,2975,2893,2892,3137,3300,3202,2780,2770,2946,3143,3240,3012,2869,2920,2992,3075,2984,3044,2955,3178,2940,3215,3064,3203,2954,2821,3085,3289,2834,3004,2904,
2760,3454,3026,3333,3122,2687,3063,3319,3014,3127,2971,2826,3206,3158,3282,3214,2942,2828,2986,3052,3117,3124,3115,3026,3196,3042,2984,3077,2979,3372,3076,2780,2870,2957,2989,3303,3128,3334,3005,3039,3305,2963,2805,3162,2866,3361,3168,3132,3447,3014,3108,2974,3258,2873,3224,3013,3145,2910,3264,2994,2988,2850,3127,2945,2862,2999,2797,3052,3255,3045,3011,2842,3150,3213,3373,2984,2893,2851,3269,3421,2931,2808,2962,3185,3045,3050,3146,3040,3263,3011,3258,3052,3090,3070,2819,3251,3353,3046,3111,2987,
2874,3257,3045,3180,2991,2567,3023,3206,3109,2938,2916,2973,3094,3047,3151,3243,2788,2784,3144,2923,2904,3183,2976,3064,3270,3138,2947,2907,2904,3309,2987,2827,2898,2811,3070,3160,3117,3172,3044,3052,3344,2917,2818,3023,3059,3344,3020,3192,3391,2926,2912,3000,3162,2828,3159,3186,2950,2851,3065,2818,2855,2880,3201,2917,2856,3078,2724,3044,3245,2949,2862,2957,3083,3266,3081,2994,2816,2910,3315,3273,2910,2899,3005,2927,3209,3139,3004,2849,3229,3072,3171,3007,3159,2913,2761,3139,3382,2970,3063,2872,
2939,3387,3106,3292,3169,2721,3215,3292,3153,3053,3369,3044,3236,3147,3377,3203,3131,2908,3186,2930,3115,3298,3078,3147,3496,3153,3028,3033,3029,3460,3235,2795,2751,3048,3194,3348,3295,3437,3114,3252,3517,2960,2984,3087,3138,3430,3312,3226,3555,3223,3126,3088,3451,3019,3233,3143,3042,2970,3490,3069,3053,3001,3174,3097,2938,3158,3095,3251,3437,3129,3150,2985,3402,3330,3283,2926,2912,2957,3379,3508,3080,3152,3049,3141,3206,3194,3111,3029,3554,3104,3388,3057,3275,3191,2983,3293,3511,3122,3246,3295,
2766,3038,2999,3416,3085,2646,3104,3222,2934,3035,2952,2889,3111,3143,3234,3225,2795,2767,2950,2955,2944,3095,2901,2927,3161,3191,2912,2971,2901,3377,3150,2696,2819,2826,2913,3192,3248,3318,2911,2972,3365,3077,2709,2973,2767,3177,3117,3213,3352,2919,3050,2820,3372,2897,3229,2976,3020,2846,3305,2928,3024,2937,3146,2975,2829,3062,2775,2964,3264,2852,3079,2917,3125,3256,3081,2842,2939,2848,3122,3373,3018,2874,2986,3074,3091,3095,3050,2867,3413,2963,3253,2983,3062,2962,3006,3219,3388,2941,3070,3111,
2964,3374,3177,3538,3212,2953,3352,3465,3226,3380,3252,3117,3309,3355,3542,3319,3073,2959,3234,3171,3110,3240,3108,3303,3300,3116,3014,3123,3256,3602,3348,3037,3056,3036,3197,3447,3381,3448,3114,2987,3464,3017,2965,3363,3185,3317,3340,3250,3543,3216,3362,3015,3561,2989,3259,3368,3352,2929,3516,2960,3131,3078,3341,2939,3176,3033,2943,3287,3370,3135,3208,3273,3386,3546,3518,3158,2939,3009,3285,3562,3381,3041,3108,3079,3359,3321,3309,2985,3269,3307,3434,3214,3273,3029,3154,3209,3809,3138,3229,3116,
2586,3057,2925,3065,2802,2618,2889,3054,2748,2916,3007,2717,2884,2842,3224,2949,2798,2893,2874,2743,2731,3036,2850,2856,2997,2894,2765,2715,2843,3076,3119,2720,2697,2784,2878,3184,3068,3162,2905,2817,3146,2728,2759,3029,2809,3099,2944,2987,2996,2905,2862,2877,3333,2755,2869,2974,2996,2689,3076,2817,2767,2859,3059,2860,2802,3023,2601,2838,3075,2879,2836,2769,3241,3143,2975,2859,2694,2690,3106,3169,2917,2816,2858,2905,3049,2823,2829,2946,3089,2852,3018,2998,3036,2772,2696,2997,3238,2786,3021,3047,
2496,2988,2550,2902,2666,2243,2828,2859,2847,2626,2489,2600,2747,2693,2915,2834,2463,2514,2671,2773,2709,2893,2758,2749,2857,2696,2606,2490,2633,3005,2788,2597,2451,2524,2635,3060,2799,2815,2764,2740,2834,2573,2521,2663,2532,2961,2812,3006,2962,2856,2716,2804,3160,2687,2727,2778,2785,2696,2911,2574,2497,2574,2958,2618,2553,2690,2617,2783,2968,2609,2745,2673,2941,3029,2869,2664,2550,2500,2951,2914,2694,2689,2716,2594,2715,2702,2651,2744,2877,2580,2720,2712,2885,2631,2548,2653,2987,2559,2814,2627,
2653,3194,3096,3360,2999,2783,3068,3391,3193,3158,3166,3065,3257,3045,3416,3151,2965,2956,3011,3018,3055,3118,3077,3200,3172,3114,2897,3056,3132,3424,3186,2906,2970,2976,2985,3431,3214,3265,3174,3073,3281,3003,2957,3207,2991,3366,3258,3298,3426,3265,3108,2949,3316,3052,3141,3009,3202,2887,3349,3010,2985,3005,3168,2920,3065,2958,2840,2988,3353,3055,3101,3017,3392,3333,3315,2921,2891,2935,3326,3476,2960,3009,2875,3109,3041,3113,3114,3082,3237,3079,3144,3220,3132,2996,2880,3180,3517,2920,3273,3104,
2673,3164,2869,3225,2906,2480,3024,3159,3111,2857,2914,2933,3038,2932,3228,3102,2777,2737,2833,2808,2907,3165,3056,2949,2981,3099,2797,2889,2986,3235,3025,2833,2881,2913,2817,3213,3051,3160,3022,2969,3218,2931,2838,2939,2858,3141,3072,3159,3099,3100,3061,2899,3252,2806,2958,2900,3011,2920,3076,2797,2817,2844,3121,2803,2813,3026,2775,3054,3364,2842,2939,2941,3194,3319,3045,2816,2954,2904,3188,3095,2976,2928,3037,2777,3037,3214,2867,2913,3166,3025,2937,3121,2968,2861,2852,3004,3292,2905,3048,2886,
2689,3186,2987,3357,3141,2634,3001,3262,2910,3180,3043,2863,3097,3173,3239,3059,2843,2680,2882,2929,3110,3109,3122,3127,3068,3095,2923,2920,3023,3454,3122,2967,2896,2852,2988,3057,3014,3308,2853,3009,3219,3064,2888,3255,2803,3171,3131,3284,3338,3113,3193,2972,3276,2865,3067,3002,3117,2945,3148,2789,3026,3035,3164,2890,2970,2954,2806,3110,3103,2969,2894,2941,3153,3420,3153,2866,2867,2743,3291,3366,3113,2971,2947,3168,3149,3084,3124,3136,3183,3110,3030,3183,3086,3091,2905,3085,3414,2940,3167,2695,
2505,2768,2578,2891,2574,2507,2675,2830,2617,2681,2471,2480,2686,2645,2885,2702,2499,2563,2599,2597,2461,2813,2597,2567,2817,2758,2437,2508,2744,2889,2701,2479,2488,2530,2578,2865,2762,2842,2827,2669,2706,2567,2370,2671,2520,2833,2520,2817,2875,2624,2525,2467,2908,2500,2666,2729,2730,2397,2876,2515,2606,2566,2616,2618,2618,2872,2381,2591,2816,2605,2589,2633,2775,3020,2880,2658,2388,2515,2742,2991,2614,2509,2616,2630,2909,2608,2672,2453,2852,2615,2819,2662,2668,2598,2473,2688,2837,2579,2720,2544,
2767,3024,2931,3178,2960,2645,3185,3095,2854,2924,2901,2675,3062,2944,3202,3193,2775,2811,3108,3002,2962,2995,2945,3094,3150,3032,2896,2907,2950,3312,3059,2910,2761,2875,3030,3249,3110,3058,2969,3040,3207,2918,2629,3097,2922,3385,3062,3137,3253,2862,2962,2806,3168,2784,2975,2948,3080,2822,3246,2765,2759,2885,3136,3029,2904,2944,2772,2998,3124,3026,3036,2873,3092,3190,3087,2927,2830,2838,3280,3227,2943,2846,2899,2889,3177,2987,3003,3028,3273,2714,3089,3035,3065,2888,2855,3017,3232,2982,3107,2882,
2689,3040,2890,3159,3000,2553,3090,3149,2860,2970,2969,2767,3051,2728,3060,3033,2483,2617,3046,2776,2789,2753,2858,2953,3051,2968,2727,2887,2638,3128,2854,2626,2815,2858,2746,3050,3147,3164,2716,2836,2901,2843,2655,2848,2965,3099,2839,3015,3231,2895,2852,2622,3038,2717,2890,2739,2938,2707,3013,2781,2671,2881,2957,2902,2674,2776,2672,2874,3058,2842,2813,2756,2978,3139,3137,2772,2669,2767,2942,3326,2900,2735,2736,2807,2882,2884,2978,2726,3012,2851,2982,2903,2886,2748,2650,2972,3209,2859,2786,2788,
2937,3376,3169,3501,3288,2739,3271,3524,3152,3127,3141,3177,3357,3206,3425,3257,3206,2881,3088,3327,3196,3267,3275,3223,3364,3515,3161,3242,3217,3576,3250,3187,2993,2876,3220,3431,3283,3419,3191,3267,3510,3226,2974,3250,3198,3346,3330,3551,3457,3196,3220,3144,3497,3238,3339,3041,3325,2861,3442,3118,3155,3193,3208,3137,3086,3159,2966,3302,3336,3086,3178,3120,3279,3477,3380,3097,3072,3009,3487,3619,3192,3087,3136,3499,3184,3264,3282,3280,3470,3254,3343,3276,3286,3307,3069,3438,3776,3280,3287,3132,
2432,3088,2799,3018,2781,2217,2854,2973,2766,2655,2723,2628,2858,2687,2968,2842,2701,2591,2696,2662,2718,2751,2723,2586,2833,2734,2620,2726,2685,2978,2950,2653,2612,2633,2657,2986,3028,3044,2745,2945,3040,2712,2443,2696,2638,2884,2844,2889,3022,2796,2785,2768,3110,2574,2838,2708,2852,2559,2907,2708,2648,2601,2904,2612,2713,2804,2685,2792,2997,2557,2721,2753,2950,2955,2893,2656,2621,2512,2965,3112,2656,2714,2755,2855,2855,2749,2677,2714,3103,2759,2956,2685,2830,2802,2820,2789,3206,2756,2860,2895,
2969,3363,3151,3401,3138,2778,3238,3378,3321,3093,3142,2978,3238,3124,3246,3270,3096,3010,3138,3324,2993,3302,3208,3159,3433,3216,3092,3061,3166,3548,3218,3035,2944,3083,3137,3622,3294,3331,3279,3154,3423,3053,2984,3171,3044,3431,3074,3366,3488,3329,3150,3012,3490,3176,3226,3192,3254,2984,3333,2927,3091,3034,3248,3130,3041,3233,2838,3117,3404,3153,2845,3088,3330,3303,3381,3182,2773,3050,3322,3480,3017,3030,3000,3257,3205,3311,3232,3127,3397,3152,3376,3276,3225,3141,2900,3316,3447,3075,3291,3095,
2390,2836,2589,2844,2754,2437,2791,2932,2655,2693,2691,2632,2825,2791,2926,2777,2567,2506,2554,2679,2665,2793,2566,2781,2838,2690,2555,2791,2655,2984,2660,2434,2513,2588,2692,2872,2853,2808,2558,2633,2848,2777,2699,2663,2469,2791,2902,2810,2948,2717,2661,2455,2854,2624,2795,2551,2667,2415,2808,2694,2490,2517,2724,2606,2551,2423,2485,2672,2829,2563,2564,2600,2824,2806,2936,2687,2581,2538,2823,2910,2584,2531,2656,2607,2657,2744,2751,2546,2731,2782,2779,2720,2561,2711,2468,2796,3036,2699,2853,2475,
2647,2965,2817,2879,2788,2602,2924,3200,2815,2841,2823,2670,2877,2839,2945,2952,2698,2713,2946,2962,2900,2850,2832,2878,2884,2764,2751,2818,2818,3206,3019,2702,2603,2939,2904,3099,2900,3198,2635,2738,3028,2755,2759,2966,2684,2841,2826,3022,3065,2921,2810,2725,2954,2741,2932,2779,2860,2672,2995,2783,2788,2834,2933,2733,2813,2685,2725,2891,3031,2750,2830,2718,2946,3008,2972,2755,2476,2638,2928,3384,2877,2578,2793,2820,2816,2994,2820,2857,2817,2912,2962,2736,2792,2814,2555,2836,3244,2845,2783,2745,
2789,3218,3165,3476,3058,2735,3229,3289,3024,3195,3198,2878,3219,3214,3362,3345,3037,2958,3084,3158,3081,3063,2977,3167,3198,3298,3142,3159,3081,3412,3312,2964,2860,2858,3156,3351,3297,3421,2923,3101,3432,2953,2969,3317,3019,3431,3178,3485,3489,3125,3103,3023,3397,3062,3259,2967,3058,2893,3215,3154,3034,2994,3305,3089,2840,3023,2831,3173,3260,3066,2986,3044,3333,3350,3322,3121,2933,2822,3232,3529,3050,3014,3080,3066,3128,3195,3152,3100,3350,3101,3344,3139,3240,2948,2867,3316,3544,3145,3215,3125,
2819,3269,3055,3245,2999,2774,3316,3356,2897,3047,2955,2828,3061,3057,3314,3330,2860,3016,3003,3179,3249,3374,3033,3093,3173,3249,2928,3094,3145,3360,3168,2931,2861,2892,3100,3280,3245,3205,2999,3055,3186,3108,2774,3082,2876,3268,3287,3295,3369,3235,3167,2797,3213,3062,3169,3056,3209,2990,3157,3018,2955,2927,3211,3029,2860,3205,2975,3188,3297,2978,3117,2978,3263,3376,3157,3117,2902,2978,3227,3344,3033,2880,3082,3040,3119,3175,2949,3133,3288,3013,3188,3193,3183,2998,2894,3220,3412,2994,3234,2960,
2596,3185,3081,3372,2991,2679,3081,3288,2945,3126,2963,2888,2981,3185,3128,3167,2829,2806,2960,3046,2951,3048,3063,2951,3104,3051,3014,3014,2830,3433,3080,2831,2707,2765,3060,3180,3176,3104,2869,3104,3178,2982,2760,3047,2763,3190,3270,3134,3247,3010,2958,2720,3210,2794,3196,2989,3018,3014,3159,2764,2922,2910,3145,3006,2858,2877,2669,3013,3215,2866,2854,2884,3038,3349,3047,2980,2884,2660,3076,3304,2879,2883,2856,3081,3175,3096,3083,2951,3150,2956,3309,3051,3083,3020,2898,3083,3386,3016,3205,2891,
2708,3279,3046,3284,3007,2689,3100,3242,3106,3247,3054,2947,3275,3213,3381,3169,3045,2826,3013,3053,3062,3085,3053,3149,3281,3077,2974,3066,3146,3472,3171,2935,2882,2874,2959,3386,3089,3369,2935,2944,3315,2962,2958,3286,3008,3226,3144,3199,3297,3185,3067,2895,3341,2970,3096,3089,3147,2731,3262,2866,2979,3008,3097,3007,2961,2912,2850,3167,3172,3142,3013,2909,3385,3354,3454,3036,2889,2888,3378,3406,3279,2976,2934,3009,3063,3030,3025,2962,3271,2952,3106,3223,3044,2934,2787,3160,3457,3074,3146,2912,
2682,3333,2959,3491,2967,2600,3215,3310,2999,3036,3114,2936,3093,3186,3216,3324,2945,2877,3201,3098,2921,3116,2902,2975,3289,3230,2787,2935,2989,3452,3161,2900,2937,2896,3186,3333,3253,3378,3105,2946,3445,2931,2793,3080,2980,3286,3090,3282,3478,3097,3132,2990,3436,3013,3108,3096,3054,2860,3283,2942,3002,2964,3339,3016,2874,3099,2762,3158,3352,3060,3066,3087,3068,3335,3183,2913,2874,2873,3317,3370,3030,2936,2988,3035,3282,3130,3216,2968,3283,3154,3336,3067,3259,2996,2858,3157,3471,2986,3095,3068,
2699,3193,2832,3189,3060,2817,3019,3215,2937,3108,2937,2826,3217,3021,3357,3059,2876,2920,3054,2894,3041,3168,3046,3003,3069,2952,2826,2999,2938,3338,3046,2859,2868,2916,2893,3187,3042,3294,2903,3154,3176,3055,2891,3111,2827,3218,3212,3045,3230,2993,3004,2697,3379,3049,3184,2894,3075,2791,3130,2940,2910,2919,3073,2994,2918,2957,2849,2950,3286,2927,2994,2839,3225,3359,3215,2861,2906,2692,3246,3219,3030,2817,2805,2981,2955,3041,3000,3094,3333,2894,3086,3016,3164,2967,2850,3014,3190,2952,3111,2744,
2642,3097,2995,3088,2867,2778,2999,3116,2899,3017,2822,2613,3058,3071,3124,3148,2736,2729,3060,3025,2976,3026,2801,3022,3073,2945,2822,2903,2927,3231,3112,2881,2750,2833,2845,3308,3128,3214,2858,2799,3163,2739,2751,2996,2756,3176,3065,3007,3287,2878,2952,2938,3231,2707,2985,2985,2877,2654,3072,2641,2887,2933,3111,2732,2698,2709,2770,2854,3038,2871,3010,2918,3047,3066,3118,3007,2692,2696,2971,3439,2988,2761,2971,2863,3044,2919,3013,2966,2980,2888,3037,2969,2951,2725,2662,2940,3362,2721,3015,2779,
2837,3215,3202,3366,3318,2697,3125,3421,3227,3192,3084,2911,3340,3164,3370,3236,3090,2871,3024,3054,3155,3118,3088,3094,3184,3247,3089,2978,3304,3595,3367,2979,2896,2967,2994,3469,3331,3400,3064,2992,3405,3154,2805,3407,3148,3345,3309,3278,3505,3160,3117,2813,3287,2977,3294,3017,3156,2866,3373,2932,3274,3142,3032,3031,2934,3155,2883,3126,3290,3111,3089,3116,3249,3423,3259,2967,3012,2875,3432,3581,3189,2917,3070,3088,3220,3311,3215,2897,3359,3130,3154,3140,3120,3165,3043,3352,3505,3182,3168,3076,
2535,3122,2844,3061,2800,2373,2833,3141,2786,2857,2898,2614,2930,2858,3036,2955,2517,2833,2764,2730,2680,2789,2743,2720,2986,2907,2690,2835,2705,3083,2917,2677,2708,2631,2746,3007,2971,2896,2764,2765,3059,2683,2571,2845,2814,3048,2746,2712,3263,2716,2843,2596,2990,2535,2894,2788,2812,2593,2820,2580,2633,2723,2811,2663,2592,2713,2510,2771,3017,2691,2606,2708,2879,3072,2963,2716,2671,2733,2825,3163,2801,2646,2670,2884,2956,2675,2797,2731,2853,2724,2907,2992,2790,2757,2594,2952,2994,2813,2847,2641,
2913,3362,3122,3429,3182,2806,3336,3398,3141,3020,3114,3020,3277,3098,3272,3204,2906,2859,3230,3079,3119,3129,3153,3041,3255,3138,2909,3073,3059,3392,3188,3010,3008,2960,3005,3345,3203,3451,3125,3087,3440,3030,2733,3217,3101,3302,3208,3280,3502,3113,3129,2909,3396,3027,3217,2971,3180,2764,3301,3075,3062,3006,3157,3022,3024,3135,3056,3155,3247,3128,3155,3038,3213,3330,3206,3054,2856,2989,3325,3618,3170,3004,2935,3177,3089,3274,3151,3158,3402,2971,3286,2968,3287,3110,2989,3222,3514,3077,3018,3117,
2654,3064,2796,3045,2844,2453,2830,3074,2788,2757,2736,2708,2951,2757,2894,2834,2538,2717,2904,2798,2768,2862,2742,2676,2890,2781,2676,2746,2860,3119,2966,2716,2688,2820,2866,3163,2871,2984,2812,2662,3025,2793,2503,2880,2727,3052,2792,2961,3121,2744,2808,2633,3013,2653,2924,2877,2839,2479,3112,2559,2652,2692,2870,2889,2684,2725,2619,2903,2911,2750,2766,2754,2906,3017,2891,2677,2727,2639,2910,3153,2833,2592,2819,2871,2758,2791,2821,2684,3015,2788,2923,2849,2772,2729,2695,2860,2958,2783,2788,2688,
2659,2926,2760,3252,2880,2609,3072,3193,2944,2923,2789,2805,3049,3042,3189,3070,2978,2773,2819,3151,3041,3069,2939,2950,3074,2998,2780,2861,2962,3318,3081,2861,2854,2875,2987,3026,2829,3459,2730,3029,3183,2887,2786,3087,2728,3095,2930,3028,3226,3093,3066,2866,3276,2909,2983,2806,3072,2724,3023,2786,2911,2683,3101,2811,2831,2914,2746,2918,3186,2701,2863,2809,3149,3238,3167,2836,2721,2683,3214,3277,3046,2725,2874,2989,2850,3012,2975,2997,3100,3049,3116,2758,3021,2734,2727,3035,3376,2896,2951,2747,
2624,2937,2752,2968,2735,2583,2778,2859,2874,2917,2688,2577,2981,2788,3021,2949,2616,2723,2885,2786,2591,2849,2855,2663,2903,2825,2724,2673,2670,3070,2918,2652,2717,2668,2643,2971,2858,3065,2745,2839,3014,2756,2743,2936,2664,3133,2877,3033,3141,2779,2710,2615,3105,2817,2946,2677,2780,2622,2881,2687,2778,2748,2925,2731,2719,3001,2623,2878,3029,2822,2651,2710,2820,2999,2991,2706,2545,2480,2937,3056,2893,2686,2678,2725,2878,2728,2778,2753,3118,2747,2846,2680,2944,2695,2428,2788,3015,2700,2817,2650,
2915,3472,3216,3412,3094,2872,3176,3366,3080,3130,3250,3017,3341,3255,3488,3194,3012,2796,3111,3146,3098,3338,3265,3163,3156,3242,3120,3054,2985,3321,3347,3146,3079,3101,3074,3310,3249,3463,3122,3182,3283,3072,2995,3159,3096,3432,3280,3304,3519,3137,3052,3150,3499,3105,3354,3294,3088,2935,3219,3111,3028,3121,3194,2984,2975,3150,2990,3143,3315,3113,3136,3140,3474,3390,3449,3127,2958,2841,3201,3495,3239,3100,3202,3238,3167,3221,3253,3166,3374,3107,3302,3331,3330,3138,2974,3197,3494,2998,3215,2975,
2682,3191,2937,3164,2934,2527,3009,3373,2887,3069,2951,2747,3173,2882,3093,3090,2797,2812,2918,2962,3045,3020,2809,2905,3143,2897,2787,2797,2899,3199,3069,2763,2847,2952,2927,3327,3042,3227,3009,2798,3153,2803,2762,3130,2837,3064,2983,2963,3244,2964,2951,2768,3107,2872,2964,2986,3065,2726,3072,2890,2945,2900,3068,2781,2628,2929,2804,2982,3194,3021,3120,2881,3081,3355,3030,2971,2706,2550,3161,3377,2985,2748,2885,2923,2853,3093,2977,2984,3112,2809,3091,2921,3071,2815,2697,2875,3088,2892,2985,2905,
2548,3140,2818,3302,2940,2594,2959,3101,2847,2990,2825,2765,2945,3029,3131,2868,2781,2623,2967,2964,2813,2952,2964,2967,3058,2795,2855,2886,2949,3303,3046,2762,2791,2896,2913,3119,2962,3058,2796,3079,3069,2800,2754,3093,2733,3244,2975,3032,3361,2973,2981,2778,3141,2804,3096,2937,2961,2780,3011,2681,2837,2777,2992,2827,2880,2881,2571,2865,3056,2869,2615,2886,3040,3130,3174,2882,2769,2656,2976,3145,2847,2814,2799,2974,2945,3013,2998,2844,3204,2948,3105,2936,3108,2893,2837,2751,3228,2852,3098,2649,
2700,3065,2883,3045,2981,2756,3114,3239,3011,2896,2970,2707,3047,2906,3041,3156,2725,2637,3047,2917,2884,2991,2853,3052,3114,2917,2861,2952,2853,3158,2912,2739,2696,2896,2901,3250,3266,3141,2830,2898,3123,2804,2765,2783,2675,3072,2911,3080,3159,2800,3006,2759,3113,2813,3092,2968,2957,2711,3023,2859,2888,2920,2957,2753,2713,2882,2717,2831,3169,2965,2852,2874,2980,3023,3059,2870,2658,2779,2949,3301,2918,2767,2943,2920,2911,3090,2964,2813,3076,2899,3109,2933,2893,2821,2828,3074,3163,2817,2908,2934,
2872,3454,3116,3388,3102,2842,3181,3421,3047,3179,3218,3018,3369,3153,3374,3370,3050,2891,3259,3216,3148,3167,3096,3194,3217,3071,3087,3047,3133,3486,3254,3112,2909,3100,3162,3637,3420,3400,3105,3079,3469,2988,2929,3257,3196,3275,3225,3295,3410,3064,3270,3136,3568,3030,3398,3306,3151,2899,3274,2976,3120,3100,3274,3068,2994,3139,2873,3183,3421,3193,3075,3071,3365,3350,3316,3058,2934,3032,3374,3497,3205,3042,3148,3157,3311,3238,3111,3220,3390,3160,3316,3287,3375,3014,3035,3398,3470,3047,3154,3024,
2769,3248,2968,3140,3062,2664,3176,3144,2972,2964,3009,2927,3294,3055,3291,3236,2863,2638,3022,3013,3060,3053,2909,3116,3142,3061,2796,2933,2972,3241,2964,2891,2803,3056,2920,3443,3273,3237,3050,2844,3395,3034,2810,2993,2990,3189,3085,3187,3297,2970,3030,2834,3266,2936,3066,2973,3073,2783,3223,2776,2903,2961,2925,3055,2834,2950,2935,2960,3226,3015,3039,2989,3115,3210,3392,2922,2690,2769,3207,3353,2980,2904,2845,2969,3097,3130,2892,2823,3342,2821,3010,2984,3114,3054,2833,3077,3362,2774,3068,2879,
2831,3350,3210,3292,3166,2683,3075,3375,3016,3097,3215,2838,3173,3218,3359,3261,3051,2887,3004,3163,3173,3005,3053,2997,3349,3103,3104,2967,3092,3445,3248,2851,2864,2846,2982,3350,3238,3419,2938,3054,3309,3010,2817,3107,3014,3214,3261,3223,3422,3165,3060,3054,3460,2913,3147,3070,3150,2845,3180,2991,3053,2841,3252,2948,2898,3050,2976,3202,3220,2935,2959,3078,3331,3329,3279,2995,2794,2827,3290,3323,3183,2831,3086,3102,3034,3256,3026,3298,3208,2955,3080,3062,3262,3021,2944,3198,3464,3069,3165,2937,
2775,3146,2732,3206,2918,2591,2904,3216,2919,3075,2969,2773,2971,3036,3245,3012,2824,2744,2856,2884,2935,3070,2831,2950,3148,3042,2843,2830,2855,3309,2915,2754,2756,2797,2949,3118,2929,3207,2889,2929,3017,3021,2771,2935,2781,3122,3051,3163,3182,3019,2837,2779,3255,2772,3127,3019,2943,2904,3116,2824,2902,2748,3179,2869,2770,2826,2692,3070,3222,2882,3030,2922,3117,3235,3178,2647,2708,2652,3137,3216,2967,2828,2929,2937,3127,2874,2947,2972,3081,2942,3039,2980,3074,2910,2697,3154,3306,2858,3151,2739,
2730,3243,3046,3232,2967,2662,2969,3235,2964,2867,3063,2812,3058,3124,3381,3171,2937,2844,2945,3045,2986,3095,2913,2940,3194,2979,2939,2954,3013,3265,3090,2821,2799,2906,2939,3224,3156,3420,2961,3113,3141,2801,2816,3031,2843,3269,2988,3120,3371,3103,2979,2915,3251,2755,3112,2970,3027,2677,3323,2953,2816,2705,3030,2943,2955,2926,2737,2986,3244,2979,3024,2888,3269,3220,3324,2960,2801,2720,3072,3353,3121,2795,3029,3166,3001,3118,2958,3001,3207,2909,3226,3046,2999,2952,2853,3174,3287,2942,3090,2963,
2641,2952,2600,3210,2713,2589,2912,3111,2715,2654,2608,2660,2789,2749,2970,2855,2566,2605,2755,2823,2883,2947,2701,2804,2947,2961,2702,2813,2445,3023,2818,2654,2523,2560,2806,2869,2871,2999,2771,2829,2922,2788,2514,2769,2647,2999,2776,3030,3071,2982,2643,2464,2972,2865,2835,2648,2745,2698,2977,2807,2723,2626,2885,2884,2491,2867,2668,2853,3101,2583,2772,2637,2861,3111,2669,2728,2568,2617,2999,3086,2633,2632,2716,2639,2908,2904,2726,2582,2947,2795,2943,2775,2882,2660,2550,2804,3183,2794,2804,2668,
2552,2822,2641,3069,2713,2381,2942,3076,2777,2751,2725,2541,2888,2808,2956,2858,2515,2637,2855,2824,2708,2851,2667,2845,2939,2901,2722,2755,2796,3128,2850,2610,2538,2591,2755,3078,2872,3095,2705,2918,2996,2637,2518,2860,2731,3173,2807,2971,3049,2807,2728,2632,2955,2543,2893,2754,2791,2477,2903,2735,2799,2615,2783,2625,2545,2858,2561,2716,3013,2766,2684,2708,2837,3036,2945,2721,2503,2695,2952,3166,2729,2643,2639,2747,2966,2706,2937,2640,3075,2589,3020,2703,2839,2629,2566,2874,3100,2849,2886,2881,
2733,3133,2949,3148,3066,2863,3035,3207,2849,2930,3057,2810,3118,2906,3134,3002,2758,2821,2993,2928,2973,3025,2957,3127,3068,2928,2948,3040,2907,3139,3073,2845,2749,2869,2999,3228,3036,3326,2887,2909,3050,2730,2716,3196,2922,3267,2984,3146,3436,3024,2989,2908,3190,2828,2898,3044,2957,2707,3205,2808,2975,2970,3135,2916,2748,2839,2814,3108,3093,2973,2879,2923,3160,3129,3069,2978,2742,2661,2962,3427,2961,2880,2770,3072,2964,2993,3026,2885,3099,2961,3184,3035,2937,2762,2769,3026,3243,2980,2999,2963,
2823,3234,3012,3314,3005,2722,3272,3387,3053,3173,3034,3068,3378,3206,3344,3366,3020,2973,3121,3161,3227,3240,3130,3182,3164,3214,3048,3230,3261,3487,3163,2967,2828,3103,3096,3540,3326,3447,3101,3187,3487,3118,2962,3224,3147,3326,3191,3277,3356,3086,3135,2951,3274,2905,3353,3009,3010,2792,3266,3028,3070,2982,3382,2996,3078,2957,2920,3061,3450,3139,3184,2927,3375,3448,3380,3025,2959,2937,3362,3367,3101,2963,3135,3111,3214,3166,3236,3077,3339,3038,3402,3194,3144,2933,2952,3233,3388,3215,3395,3046,
2630,3078,2989,3060,2806,2459,2833,3135,2967,2875,2876,2761,2958,2925,3191,3203,2844,2824,2748,2930,2833,2952,2922,2937,3065,2946,2820,2755,2933,3320,3018,2747,2718,2791,2809,3145,3035,3209,2826,2822,3182,2914,2901,2903,2796,3072,2963,3136,2959,3032,3029,2856,3171,2945,3034,2898,3137,2555,3229,2927,2787,2824,3005,2816,2768,2938,2800,2918,3114,2686,2839,2824,3117,3128,3164,2925,2720,2764,3108,3149,2905,2795,2874,2992,2748,3014,2789,2953,3087,2829,3020,2911,2858,2882,2700,3103,3254,2735,3067,3029,
2962,3415,3184,3483,3194,2881,3302,3471,3134,3390,3183,2901,3203,3318,3425,3504,2917,3063,3205,3230,3177,3284,3067,3296,3383,3196,3109,3370,3215,3459,3167,2904,2943,3033,3152,3286,3339,3489,2898,3092,3427,3120,3095,3201,2943,3307,3342,3345,3478,3067,3303,2972,3366,3030,3327,3244,3331,2979,3310,3050,3022,3056,3398,3050,3129,3095,3079,3226,3305,3234,3043,3133,3230,3438,3389,3080,2893,3063,3215,3563,3250,2972,3065,3200,3134,3080,3149,3223,3490,3216,3344,3168,3077,3132,2974,3267,3586,3156,3396,3083,
2493,2929,2539,2829,2573,2427,2714,2886,2602,2529,2685,2439,2600,2640,2751,2808,2516,2622,2644,2649,2540,2776,2532,2560,2724,2619,2578,2712,2612,2849,2612,2478,2477,2727,2770,2950,2688,2979,2559,2550,2912,2598,2439,2484,2508,2824,2557,2669,2887,2507,2522,2470,2703,2408,2774,2550,2636,2408,2779,2645,2538,2548,2679,2537,2547,2673,2498,2636,2778,2786,2626,2742,2571,2773,2747,2611,2246,2420,2688,2993,2564,2348,2596,2691,2704,2733,2651,2519,2825,2475,2969,2654,2657,2420,2546,2770,2874,2588,2719,2655,
2711,3164,3048,3283,2904,2694,2982,3195,2780,3039,2790,2695,2919,2785,3048,3074,2719,2844,2946,2858,2812,2986,2813,2855,2960,2891,2816,2944,2910,3124,2971,2743,2600,2899,2873,3202,3145,3163,2981,2878,2996,2816,2694,2859,2782,3037,3084,3004,3108,2786,2870,2783,3224,2863,3064,2944,3143,2844,3112,2823,2763,2918,2991,2781,2739,2875,2769,2904,3146,2828,2954,2855,2989,3150,3100,2822,2807,2667,2938,3225,2872,2671,2872,2885,2801,2871,2757,2840,3062,2887,2916,2912,2962,2829,2785,2933,3217,2811,2905,2859,
2557,2907,3058,2984,2950,2609,2904,3071,2796,2885,2859,2739,2941,2866,3084,3021,2810,2701,2740,2806,3091,2969,2963,2839,3044,3065,2564,2739,2914,3054,2979,2728,2700,2795,2685,3042,3007,3129,2761,2754,3017,2846,2576,2969,2703,3114,3138,2819,3008,2751,2795,2707,3068,2739,2903,2747,3008,2667,3131,2745,2777,2785,2901,2856,2794,2937,2866,2796,2942,2841,2885,2792,3065,3176,2900,2745,2750,2709,3065,3218,2924,2744,2849,2909,2806,2996,2791,3022,3027,2755,2901,2780,2845,2725,2772,3003,3106,2712,2949,2816,
2664,3241,2919,3202,2835,2687,3039,3201,2913,2996,2969,2892,2960,3112,3183,3099,2872,2802,3094,3061,2841,2829,3023,3032,3049,3229,2939,3031,2997,3372,3159,2851,2966,2879,3030,3182,3138,3187,2951,2947,3347,3045,2693,3300,2884,3279,2756,3132,3225,2944,2869,2823,3236,2956,3049,2897,3088,2677,3170,2916,2950,2944,3144,2835,3018,2995,2715,2948,3227,2830,2942,3089,3066,3140,3147,3055,2753,2926,3279,3235,2841,2799,2734,2898,3277,3113,3154,2920,3078,3030,3272,3226,3035,2756,2689,3092,3467,2986,3220,2912,
2857,3217,3070,3240,3155,2649,3030,3372,2900,2985,3066,2811,2993,2902,3131,3006,2935,2687,3031,2903,3163,2969,2916,2955,3185,2978,2856,2926,2872,3288,3152,2771,2803,2910,2946,3185,3133,3329,2902,3030,2988,2982,2708,3138,2833,3142,3144,2980,3390,2983,2908,2702,3147,2882,3020,2872,3108,2793,3215,3004,3012,2917,3085,2897,2802,3047,2945,3037,3176,3023,2969,2966,3029,3200,2947,2845,2776,2621,3183,3273,3045,2824,2924,3092,2953,3092,2999,2914,3202,2843,3058,2995,2988,3021,2882,3100,3221,2990,2998,2814,
